UUID;amount
123e4567-e89b-12d3-a456-000000000000;62.339996
123e4567-e89b-12d3-a456-111111111111;20.0
123e4567-e89b-12d3-a456-222222222222;403.43
123e4567-e89b-12d3-a456-333333333333;60.2
123e4567-e89b-12d3-a456-444444444444;5.2
123e4567-e89b-12d3-a456-555555555555;8.12
123e4567-e89b-12d3-a456-666666666666;13.37
07a3d2d5-95c3-4ef9-8c5d-03f32e3488f6;120.79999
d6fa5b04-23b8-426a-b9cb-ce8fca81f02d;0.0
54fe5b44-46ad-4a48-bf3e-ed19de487256;0.0
